Sample_ID,Temperature_C,Conductivity_mS,TDS_ppm,Turbidity_NTU,Salinity_ppt,pH
1,24.81063431,5.603260833,1361.770839,5.719958783,15.74542081,7.24128477
2,53.35207579,5.316086582,1603.528725,8.054323293,18.93742638,4.861931811
3,79.83566687,18.17196432,538.4124026,7.601609298,34.18189573,8.361972817
4,68.57799091,5.366150897,1268.504494,1.538999047,13.60017544,7.065581195
5,74.52489183,5.80301966,1164.904667,1.492494697,34.78598739,4.786019418
6,62.70266934,15.30826612,1674.019235,2.681743677,3.525377239,8.811690287
7,65.38212516,9.269926928,1816.869768,3.610747263,31.07193749,6.591827317
8,77.93565213,15.64585586,73.70570438,4.084555814,33.90190532,4.364492259
9,29.97344071,1.774640073,1364.338842,6.796972168,7.272706113,7.134164522
10,49.15399709,10.00763828,151.0798083,0.566804322,17.21386129,5.265994535
11,27.69675535,1.155465204,1120.274397,0.346727042,6.619990987,8.018467259
12,89.01344064,1.721737467,610.8838216,3.919105629,28.26416516,8.089110368
13,85.52474717,18.17553034,648.2143691,6.971636921,21.41391072,8.894736779
14,13.15414491,3.215284737,738.2690817,1.93435343,25.41293387,6.509347655
15,66.4460138,10.8822033,1261.520276,6.415044813,7.859478678,6.274784399
16,84.01986539,8.516364251,701.3974331,2.598281379,8.469834482,7.767378027
17,24.44602761,7.273194862,1478.763149,8.860861088,1.65989302,4.662353282
18,55.43561844,18.04675024,838.8284019,8.956899443,12.88270141,6.734577569
19,83.23906381,0.925556237,183.2887406,2.972872043,22.38978645,6.731238001
20,12.71567829,13.44389888,1578.331693,2.29993754,34.31739656,4.447365614
21,65.79362138,19.28619147,607.228733,4.113039721,26.6770979,6.089920428
22,33.78792059,11.42327958,893.8954152,2.405315852,17.41585294,8.266423993
23,83.95169563,18.76803801,1386.615572,6.723838433,38.12480458,8.28076811
24,87.68465961,1.519028646,698.2895064,8.260646845,28.76980802,4.496188325
25,85.54131913,8.666469722,160.3420295,6.730921309,37.20660811,4.453604414
26,47.93713733,5.573076924,779.1460417,8.243504472,21.10351893,5.313477385
27,78.96341208,14.75100882,1891.674736,3.969921622,10.35617099,8.373830313
28,77.56395188,19.63529326,1301.382075,1.563169707,2.113067455,4.644512925
29,35.52803786,5.502336218,1359.38434,7.379509474,29.04339406,7.599984013
30,76.31323793,13.25640473,1282.9502,3.604745051,4.85211992,4.505828098
31,12.96061078,4.362903839,438.034671,6.712708252,12.11100513,7.115689269
32,57.70159028,11.52393996,865.751035,2.70643942,21.29883632,5.780336496
33,28.40070698,9.54668349,1514.332607,0.812296348,22.57666351,7.944569815
34,19.64535086,19.45410393,247.6771502,9.925817955,24.02332788,5.168452244
35,16.15625613,12.36628182,591.8129134,1.562015079,6.650213214,7.196009147
36,65.70310207,7.315374256,588.8222615,9.88420994,15.18949619,5.178412673
37,37.1899971,2.724867805,892.4369088,9.772799326,24.68776908,7.568301416
38,67.98134172,3.44931316,1961.719045,7.938181039,38.79275459,8.368390173
39,15.22850726,4.893680134,181.629966,6.594229621,29.10524551,4.634008996
40,35.22322703,5.393849896,1061.466939,5.778070503,36.90415028,8.332978443
41,53.15930339,17.08701313,399.7611299,8.661015454,30.48848233,6.967876272
42,73.25785319,11.44384437,1942.819264,2.894395216,23.66867876,4.635552454
43,35.50020023,10.70612277,270.9418342,4.676812125,7.680934765,6.137709277
44,60.07131011,2.737993001,837.0219546,6.193899694,26.66742608,4.804301467
45,80.87821986,17.27272402,1488.87572,4.111904759,24.93518264,7.501739444
46,59.26905505,14.59487891,1423.881135,4.274864541,24.09876682,7.794340672
47,28.63675798,1.819533057,874.3208419,3.302846675,19.59143472,4.528982601
48,11.95206252,14.3027844,725.7221275,5.642318167,21.14626416,6.530699263
49,79.60790991,11.09899524,825.3441382,8.50574528,13.37770108,8.07312528
50,11.70155287,2.093644242,565.3387132,2.01528378,20.77250771,8.680815208
51,79.97613381,9.43686251,450.3992305,9.344330388,7.902236227,6.567589334
52,52.31497072,9.951577599,991.9274102,6.890876537,32.20697589,8.751396118
53,85.12541588,3.732603533,573.6408243,8.232732127,7.431078188,6.678444852
54,73.90265886,18.94111387,610.5502465,5.561906926,3.398651596,5.970952473
55,89.83472884,17.07451974,1330.674324,7.795167014,17.44984105,8.241015643
56,38.05694524,13.54593558,1938.647797,0.162003973,26.33229758,6.464913552
57,71.37506311,9.51476344,1227.092541,8.183804248,17.508673,6.359512553
58,42.15447309,8.529428061,200.1099608,0.401388591,11.07016528,6.451562447
59,48.39004962,13.19398261,197.388047,8.899133764,22.32684736,8.233925009
60,60.20043706,11.13592145,1905.275281,9.919627472,13.88009342,8.159707708
61,79.89416913,1.714325565,629.7170411,2.940674622,37.31470761,6.017599962
62,88.72667754,10.49380165,229.5306229,2.103185563,36.90580558,5.666499299
63,71.46187311,16.22487054,1218.136945,7.653633639,20.0948728,6.45964012
64,43.42134257,9.455177613,1266.115118,2.530263409,13.11535976,6.863862549
65,43.70856018,1.513153262,1314.584399,8.655623832,29.48529656,5.191686053
66,69.00658413,15.83242489,571.4339543,1.028425922,1.468517739,7.969775424
67,29.10217166,4.426593752,79.46583422,1.259551964,18.99076024,6.432413829
68,18.83792905,5.54310628,1931.77997,9.791515551,13.45293577,5.670227742
69,38.36977261,3.711773892,539.2414391,6.738388983,36.8214354,4.534104965
70,32.97911933,6.939193765,1368.251262,8.468872244,0.480121091,5.194225802
71,33.70464964,15.25665436,1427.928246,3.243293774,22.11259503,8.746405859
72,28.68862008,10.62802426,1239.514463,6.764837495,29.62654324,5.525498434
73,13.36745517,4.495184846,660.1694187,5.942418273,19.4007195,4.844296447
74,11.42991478,17.61768652,578.6376948,6.031501201,3.416121207,6.303363958
75,89.01779118,17.65184617,1215.453151,6.825324595,38.8984556,5.535438717
76,44.2218507,17.47627929,1738.886486,5.753591731,20.72041726,4.175796251
77,40.74613177,5.156526122,1896.130771,4.290623693,24.56744977,5.615726086
78,64.37178262,9.299167212,256.5163186,2.759226944,9.464391308,6.72054312
79,27.46031103,19.70729829,351.9157946,7.685813309,19.3399234,6.75856186
80,85.99689472,15.55424329,1892.235705,2.2627243,17.16597968,5.782794606
81,72.90760115,1.029764714,1486.243695,6.923543062,2.99583368,6.236513781
82,17.15288018,1.77148953,1771.837958,2.333328226,4.246414142,8.827589591
83,43.40646206,9.546661848,445.1336366,6.2533017,33.49890078,5.886742386
84,80.3294646,18.22979401,1195.792449,7.470782671,9.592798088,5.291134066
85,85.57856178,11.00468506,1417.222209,2.187138889,7.79833086,5.21733522
86,47.3921209,10.20734391,1376.218177,0.599433009,20.19645805,6.288823064
87,59.07291114,2.556737149,845.8957972,1.30973743,30.74988525,7.797600744
88,23.36271569,13.30721204,80.0200388,6.059969673,2.477860743,5.029940921
89,89.29349009,16.53101163,1186.705811,8.494464062,23.07231679,7.546480636
90,28.53373611,7.918190146,543.5480014,0.449968212,4.768417714,4.105749117
91,85.41854193,15.62443109,927.99578,7.34151259,1.458442033,6.09466489
92,61.97173192,19.30729475,1917.282979,3.41318646,2.109758086,7.879325326
93,58.61894359,4.473445953,828.1188694,4.785283699,33.36656433,5.693664779
94,51.01508088,10.70492781,1687.613133,9.288595498,4.718899345,6.818685507
95,28.45358494,6.099190183,417.6541812,3.319715047,1.806054576,5.024896164
96,24.12224256,15.96066117,1361.297971,4.653369339,17.51599549,7.709976956
97,27.63889673,11.76307063,1955.163561,0.136824148,33.75973888,4.261395516
98,24.91506097,12.87435714,248.6915467,0.8159872,10.49633506,8.262713224
99,72.36675789,16.05932611,66.22388734,2.585915911,16.8685047,4.990981932
100,38.01002073,8.221424217,895.4864456,0.278522408,1.596901303,8.371990159
101,14.62741413,18.34425633,230.619692,6.31375326,17.96314057,5.762646207
102,87.52821041,10.89406291,1509.349482,4.263983568,23.10452323,7.613417872
103,80.7028708,3.580119045,1833.369895,5.481452027,22.83628215,5.596126489
104,84.22018266,14.0700328,896.3408968,1.746471859,13.29706769,8.529558356
105,89.59262581,15.96859633,554.4877022,2.959320294,12.62132723,4.633185628
106,23.91161994,6.676852703,897.0864721,6.638244749,4.264944757,4.892598946
107,41.69936151,17.21499551,1460.723245,9.653027236,14.67193283,6.465150626
108,70.65907806,18.16979347,67.65561508,0.504167736,3.979786755,4.409692195
109,65.68164944,5.899637504,1199.435279,8.903843209,30.66383779,4.979900924
110,22.31167251,19.67866872,1245.918786,5.768812013,38.65097191,8.718831911
111,75.26665,3.243874797,1293.492081,5.639195668,38.80297827,8.882448306
112,27.95524575,4.439305534,521.943056,5.002785352,34.60284398,5.881296647
113,27.90540919,4.092384365,1442.402811,0.693940859,24.03168597,8.616430105
114,52.95795383,17.93279935,228.2133983,0.898768517,28.03462789,6.724123378
115,57.43519479,13.25870477,438.5771561,6.009120057,11.40823211,5.348712329
116,56.40689663,3.466033523,1761.066591,3.409585714,25.23081681,7.511993605
117,17.31894699,9.086306658,1490.510144,9.172680666,18.22598198,7.294509033
118,80.19686901,12.49831149,76.80383032,4.065905374,19.28069359,8.945626596
119,31.24800341,2.127549657,534.3337077,1.432814587,30.31106242,5.325236437
120,20.3611937,17.70711918,468.0926418,7.147188335,11.27673422,7.360297513
121,81.09984639,16.17026894,578.0723397,2.933534214,12.72158447,4.260118775
122,86.45211986,10.35153208,532.741552,5.254703074,36.98567165,4.568230193
123,78.97020938,19.358969,171.9262767,6.978327855,2.248971794,4.019591875
124,74.76128598,8.646339096,944.9340074,9.002641112,19.42537194,8.997303405
125,62.41935845,19.69015122,1478.830276,7.921911948,36.51203202,8.011368486
126,54.06858965,13.52443998,1233.126863,6.763610679,24.41452031,7.933615074
127,16.95894079,12.87608983,1362.099754,6.796331824,21.85628297,6.548630376
128,42.67625705,3.736120458,208.2408981,9.45924644,9.989767169,5.500335415
129,39.81508136,17.69759129,1905.406885,2.958240975,13.73101956,4.756321422
130,30.7803027,8.836048914,1685.059076,0.011120942,34.08193663,5.423373694
131,67.8736091,3.663551413,1619.926121,2.719545594,22.36872527,5.87985611
132,49.67005881,0.74584664,1654.81842,2.178913796,20.58968775,7.781550485
133,16.48369727,11.41523583,1868.785491,6.618345851,3.983188542,6.698308945
134,27.61465616,10.78429263,1111.295234,6.337115998,0.641126258,4.387418133
135,64.66070109,14.52739564,440.5499348,5.934613827,38.54740755,4.090145045
136,16.09046876,17.86003203,1252.728035,0.162434432,15.07944669,4.511660898
137,78.09655312,2.048428401,1498.618913,7.287780545,24.12852248,6.052493568
138,49.61172216,14.76418156,1488.938917,3.235304125,3.188602927,8.665964585
139,48.44692619,4.15453291,1066.825597,6.65055989,27.32457143,7.187012406
140,57.39262277,17.23445254,183.4945027,5.565784285,37.30266835,8.009129499
141,75.97447727,16.47173852,773.6702299,3.427309254,23.02661012,6.331872973
142,37.82473663,11.04547822,1845.494887,1.345762671,5.044612895,5.808330416
143,64.2412922,14.34973457,1189.675374,0.944188977,23.2688611,4.542001864
144,55.25855712,6.629827207,1099.747289,8.315183331,30.65388852,8.379665111
145,31.36226161,9.687774029,574.264353,9.183975421,16.25666146,7.915800145
146,80.29039891,16.52191951,768.4753938,6.497880468,35.19350992,4.840590488
147,73.79408173,9.455671345,1795.924874,1.034341149,25.94731813,6.561302819
148,62.67614677,7.477066174,1349.602943,4.020272169,35.96995673,6.43687404
149,78.04653833,10.13714272,1585.404702,7.289392001,24.94021245,7.125457763
150,79.38353608,16.65086042,935.973575,7.79820884,5.25151888,8.73093447
151,66.66903814,7.036556924,1278.982078,1.182186223,12.38766844,6.898857209
152,76.96106627,3.888351066,534.348037,0.000307188,8.07179793,6.701086334
153,65.79771693,14.3842734,1425.648619,7.121370459,36.35305991,4.251614665
154,64.41126174,16.60657515,883.8226007,3.56596176,30.41600269,4.31453738
155,59.48891026,2.462430831,912.9637539,2.544813316,27.05593476,4.936733957
156,70.21733116,5.177545199,1316.178533,0.128974698,12.03865279,4.162353858
157,22.68840842,3.2684538,1875.747212,5.402994068,7.361790882,7.716764478
158,80.46966074,7.284857526,174.8123759,8.511507354,30.25804352,7.61665152
159,79.74748222,9.281844089,1658.249313,9.576316463,18.96631784,4.680281172
160,12.33978264,15.10211357,620.1470653,5.657449506,9.031582086,8.180394504
161,76.06534005,13.19737791,915.6429363,5.144613277,24.66487913,4.773930174
162,20.3095894,12.60810707,92.73099111,0.850563855,1.613354086,5.505877935
163,36.80950834,7.371311459,637.0398518,5.488728015,13.04681017,5.244884496
164,69.4806605,16.90822729,1030.130923,3.79979079,18.74227978,5.861535493
165,22.86079168,9.690099764,159.5433508,6.071352809,5.918333364,5.273318829
166,75.43736193,19.59254629,1007.636672,3.887263479,39.3861791,6.444754632
167,76.57073424,12.8657717,1857.865726,2.402991235,8.363894584,6.037039407
168,50.5974187,2.962162461,255.5167753,0.949652752,5.214125202,8.932847454
169,10.51086974,13.68546246,1540.65942,3.149184446,8.141394955,4.279631751
170,32.96305065,6.839528301,848.8585541,0.966448343,30.76244533,4.710906882
171,59.35415347,13.88338034,1327.588743,1.768969508,17.02022637,4.26412947
172,88.49489424,1.858002389,557.4613661,9.873361586,22.61663759,7.129205975
173,60.54508216,3.910188025,361.009912,4.441035569,0.840366279,4.272546387
174,30.78428649,17.18687655,362.9020978,5.318717665,1.377252343,8.182198687
175,60.72045625,4.930001362,187.459294,8.736185287,17.83302199,6.559693153
176,53.19883038,16.82230194,412.0110746,9.955689005,32.66620973,6.635038123
177,72.38763161,5.945883725,1345.227801,5.827144493,35.40955515,6.807972539
178,18.55845111,13.03619725,1769.296693,8.12473821,3.468262704,4.854068532
179,70.8822322,14.03593618,1637.545087,3.269410243,21.53452408,4.988451516
180,53.30132629,10.49676769,1386.011904,3.057439574,36.52918745,5.594086614
181,87.03936031,6.453558196,265.3421337,4.02703721,15.51891018,6.967482079
182,37.34977328,4.646565339,613.9155203,6.725072627,33.18263326,5.05058888
183,60.60975145,1.147192414,654.1234069,6.821916893,5.347826176,4.581658636
184,84.56224844,6.426954824,537.4160455,3.152394346,37.41577959,8.850584432
185,18.20077824,13.23667442,1054.261036,1.332099241,30.0569327,4.109909074
186,84.97827898,18.79694396,1094.329939,6.323962565,37.65337571,8.013487027
187,65.03085778,17.4884874,745.9276516,1.283258622,27.06468934,7.940175748
188,15.42696473,15.43826314,739.8888595,5.784925082,14.53615728,5.486070569
189,34.07708536,15.87472319,1665.683416,6.934221281,37.5272469,4.67813308
190,66.65376709,13.46720562,1589.121054,7.006114964,11.02267105,4.728143234
191,15.38804812,5.575593723,650.2018718,7.534721107,13.28690088,7.487158086
192,56.57363681,18.1903031,1831.887466,8.728594216,28.03233672,7.214032955
193,37.67064456,13.57928008,1907.989283,4.99958992,30.61265198,7.913728371
194,59.67324142,11.4285923,687.147957,7.302491895,37.17613935,8.687405862
195,13.65936271,2.66429465,741.1286501,6.191727354,8.192096362,7.459636816
196,79.72294449,9.217583104,1035.986599,1.866399398,31.91992141,4.779257683
197,87.87911753,9.476986288,1885.185584,0.256896449,29.54184214,5.217213084
198,87.51022842,17.35899039,1758.822895,2.845413857,2.55178225,8.210968654
199,69.97214654,11.15964029,250.007527,4.430337063,15.48892565,5.046530379
200,20.40689921,7.917810705,815.8249494,6.171059444,11.31061828,4.362611585
201,70.66105567,19.54760641,1129.07382,8.499593305,12.17961697,7.51640027
202,11.96695332,2.65905157,1031.108321,1.962457167,39.31787518,6.012631777
203,11.76988412,8.739694352,428.0329825,1.255497899,25.71109654,8.600200263
204,35.88881753,1.319481166,1724.692704,9.634799475,28.70704631,7.251275355
205,49.09145523,14.92813035,1370.034527,1.080445594,39.06470549,4.452094889
206,71.63259342,18.40249277,1683.921331,4.784910701,15.0880713,8.739282836
207,64.66363013,5.960727926,1724.590345,5.855637288,32.07360674,5.292786318
208,45.67221651,17.2376627,1509.293915,5.413744209,17.38123853,5.686062452
209,31.8901333,6.198255494,906.4606724,0.86032157,34.78134687,6.011302068
210,89.76996001,18.26001815,1240.566172,0.57026914,7.226301652,4.256121482
211,44.09450418,15.20225712,362.7125419,1.054834275,37.90744708,6.482577111
212,46.11096195,16.19568215,1363.608564,5.855876839,8.750868336,4.616592455
213,23.0899057,0.851127834,399.5438487,5.443448876,13.04882028,6.004851633
214,73.5847639,19.27480196,1403.201701,2.33740792,30.24768936,5.75354894
215,65.49457806,14.67008435,497.7164135,6.377741418,15.75020566,7.864200417
216,27.66156902,6.44264636,279.2250353,8.200675021,24.32845507,8.015852558
217,16.59048365,16.67319596,372.3047558,0.415789598,17.78294004,4.767064412
218,64.43994417,5.989663369,53.88466368,4.981299435,29.69479748,5.832755937
219,62.36089714,17.51869987,1451.542255,6.893104121,9.133250095,5.866765805
220,31.86076216,2.695317613,1478.182046,2.523119271,2.338319489,4.75705222
221,86.06908498,14.22187656,1054.120032,3.077709053,11.9971759,7.992267525
222,22.08463134,11.04362029,364.6574621,6.13637903,18.97234659,7.536141642
223,44.58678408,2.382422169,212.9309581,8.979352934,6.720802088,4.951908931
224,85.48927361,5.216929651,87.30148455,8.099244203,14.19189159,5.833609543
225,43.57818535,0.741878707,373.2089451,5.831302191,15.99932073,4.529025124
226,61.08207581,9.640975327,1787.168293,7.302217178,2.295673748,7.141032985
227,41.80755184,6.374672585,520.9968413,3.648224702,23.33228993,4.606859623
228,31.93721619,12.16797094,740.8290881,6.409655281,35.37373712,8.929670843
229,88.71821184,6.29613725,255.4236947,4.661815911,6.069716518,7.903410373
230,42.74672051,6.348422674,483.6045443,1.899361365,23.91232054,5.951192748
231,81.52793629,14.99226738,1062.487913,7.017382739,26.5895682,6.892819661
232,28.39636847,1.438785302,1235.117732,5.564646373,16.77338722,8.556709081
233,27.04837632,18.10645241,528.4370126,3.58621582,28.04390349,6.770496402
234,12.49072663,17.11914555,162.5777105,9.113391901,16.42926174,4.872492432
235,62.13334603,13.52219132,812.5140948,0.209341178,20.18549152,5.893516778
236,39.4821075,12.06782062,506.6965733,3.157731512,0.294121782,8.215724325
237,79.14865999,17.89989871,478.1301503,0.568813978,27.66880457,7.22106508
238,47.85679254,4.113938501,1921.732465,7.665273162,26.45370716,7.253621922
239,87.45547423,2.039898663,1251.785948,7.021074541,1.536035093,8.334107428
240,24.84204126,5.170448313,1135.912964,3.313522187,14.7300043,8.469865287
241,79.48985344,15.99427643,860.7614519,6.756629022,39.16127363,8.598962859
242,72.12774822,1.176070201,886.4414502,3.959372262,16.8294625,4.474245966
243,71.67374757,11.86473328,1104.764757,7.562537914,20.07781621,6.72063001
244,77.58265825,19.91103157,1408.038124,4.541836627,36.39720633,7.702547606
245,70.88191928,17.18607383,1419.184888,4.122797278,28.69047503,7.784634226
246,60.09762573,10.66819094,384.80312,9.347299155,23.28280524,7.03358101
247,20.49959021,1.740997731,1025.219867,2.508790999,31.91218725,4.833936676
248,12.60209436,16.71178353,853.3182853,1.2044734,34.57465066,7.98710277
249,83.66782783,12.18008091,1747.527584,5.845431133,18.27552287,7.600556668
250,59.33202516,2.741193443,1281.266896,9.693218123,19.0043346,4.430678858
251,73.72298328,2.330217054,1088.38293,3.778392137,15.44203743,6.319049123
252,48.52178812,18.23772298,275.0195522,0.620367636,38.6682456,4.869886998
253,19.38465512,13.54940513,1230.993884,3.393052673,27.88665017,5.687385229
254,20.01486338,16.67109259,278.5476161,5.059316543,3.328922648,4.090405461
255,64.84522298,17.64008856,707.5528224,1.619230066,34.51838493,6.001649342
256,44.42447159,11.64956086,328.5418314,6.581022181,19.22239763,6.749384606
257,26.04197814,10.59020386,1399.543612,9.97749389,2.750156257,7.097912964
258,49.32756374,8.893334501,452.191622,4.51739476,21.98869021,7.317451726
259,15.13671497,6.680458462,814.1257777,3.547285567,16.68657116,8.181456566
260,56.55771215,8.974621237,1796.565816,4.007041668,35.10997619,5.077314536
261,31.51947235,15.59065329,448.4169476,1.151461784,8.159784144,4.602409112
262,73.80472805,12.2375069,1040.219875,8.832736014,33.05858438,8.257685859
263,34.82895671,17.90420415,867.5797393,4.148256555,22.30754765,4.783064074
264,46.41761193,9.14591028,85.34188004,3.872744114,2.184412129,8.873800407
265,10.92964319,12.33824679,1595.878321,6.596902729,38.87381205,8.212691147
266,15.79575102,12.81049729,184.6395173,4.420334209,20.50460976,6.504383029
267,41.39948451,12.03809466,974.7972909,6.482334688,11.63507417,8.907107125
268,48.39510678,14.20135858,1143.322675,0.614462901,18.77627368,4.486883646
269,58.00164385,5.129952633,1275.43159,8.137233437,34.31431134,5.515328806
270,33.3330063,10.49109366,1392.831677,9.405039529,12.19612498,7.191122075
271,65.59855089,2.532383655,543.8811479,6.487653862,7.707055859,5.750034342
272,78.80979178,7.997970889,69.45861448,9.545659289,5.162849877,8.64186276
273,72.38807911,10.00950784,1460.715142,1.514323144,11.91437594,4.328130441
274,13.16950603,13.21837306,1094.530369,4.774161895,31.20192348,6.74705916
275,48.44055578,19.03535553,1680.429521,6.018067339,18.86505461,6.954331337
276,18.39441427,12.2126958,1651.707308,5.817366474,9.099264148,7.263640619
277,29.36360127,15.00008137,1694.486027,4.014617791,6.647399984,5.278331117
278,88.93300746,10.37218816,995.934587,3.380844094,13.30917906,5.822832138
279,21.39964343,12.86502861,700.5753719,1.268240226,37.59697492,8.218402648
280,49.91105228,1.883178215,1593.538495,3.917424506,13.7210685,4.974713845
281,59.45245875,5.460635826,930.0235204,1.626608151,39.52496304,8.134339236
282,66.19719764,7.556135318,407.712283,7.343656765,19.40921823,6.813277115
283,54.77189468,9.713620423,1717.199338,2.088309355,7.166556732,7.810937556
284,10.78166779,1.390150537,1770.99176,0.585653053,35.64560367,7.568036831
285,36.11690466,3.230469902,959.3040245,5.523661378,18.41421493,5.037557477
286,51.41693147,5.897879002,197.6144683,5.952297327,28.38685374,6.844063682
287,17.02931993,19.44488747,806.2608753,8.719130613,39.34846333,8.338615764
288,38.0501545,6.961266639,1616.898436,5.769816124,2.007014013,6.160581184
289,12.6562487,9.899800633,1808.459356,3.454808537,3.867782392,8.832953851
290,16.28627977,4.323905398,446.7718479,8.030118815,28.81826966,6.261075501
291,41.7538621,12.41021139,180.5985434,5.402788932,11.27300013,4.713928183
292,20.61726032,5.973322703,1760.833384,0.792802846,7.372055878,5.9471734
293,55.40326786,4.53635528,809.339631,5.658505603,1.574475193,8.758512032
294,65.15719753,10.57316625,1106.43388,9.080185454,0.873868479,5.598604247
295,74.04693593,0.607363084,1937.728333,3.963126255,30.97942412,8.340490799
296,26.01201954,0.649448637,179.8012194,2.963258019,5.377337095,8.406253408
297,23.39860658,4.771841777,1314.220115,1.43469457,18.70882464,5.750932622
298,18.36542723,1.216066569,194.505574,1.514455219,24.23587261,4.41628829
299,60.91441996,2.606502206,782.1644105,4.327714843,17.13407202,7.622789546
300,66.51805812,7.107782662,1617.438363,5.956798242,1.084266093,5.557561495
301,12.52689159,16.15042075,895.2708539,0.806154052,31.3400601,7.914618071
302,84.8969797,11.65494855,1994.50559,9.39568589,0.420528982,6.213274241
303,14.15770269,10.49702066,1140.165606,7.551336174,30.47559578,6.426333712
304,53.30370682,6.223032053,676.2661976,5.866239183,35.73217975,7.889547034
305,66.72484156,18.66919753,479.2170855,8.284386709,17.31359684,5.911816655
306,79.6775299,8.241793304,733.5150419,0.801867568,21.42169892,6.215636727
307,67.12695457,2.198308953,776.4398838,4.768388777,19.0793357,5.880952344
308,74.13824665,12.53279706,183.9916716,6.300931269,15.56834474,5.836702576
309,37.1560154,2.719848673,770.6696889,8.286529061,35.49698141,6.629732885
310,75.1860091,7.231851285,955.2651135,7.8346956,35.75734043,8.043997223
311,16.40918771,10.3945328,1459.338617,2.770692497,13.43265459,5.80884156
312,81.58533248,17.54733923,1330.622495,9.408801696,24.60279016,6.621273603
313,53.80739009,10.12415832,1432.093028,1.243458414,37.07630249,7.353636627
314,75.3838216,14.19404594,66.30917966,8.751336186,38.48233996,5.347197232
315,46.18546276,19.85992836,474.4514292,9.709402496,20.35836162,5.387614025
316,61.48621562,3.064037838,1340.284362,1.771535232,18.11299221,8.667065635
317,52.11221287,5.857264748,993.779268,7.220660642,11.14777264,7.617672867
318,68.52716174,8.194233474,60.36127755,0.402855188,38.35487493,6.885933381
319,16.53039856,8.725649482,1618.764553,4.054228251,5.712572179,7.238600272
320,14.82816672,8.514910968,1556.978668,5.162832992,23.19318304,4.146497216
321,29.76825872,18.19841455,1119.417368,5.806452259,11.3020107,7.090514828
322,22.76357441,14.42363657,179.6034853,9.359372482,11.16033161,6.547544366
323,79.74268533,12.35415167,1544.704347,6.722506873,16.1987435,6.728748399
324,27.53711899,6.532767998,1188.241496,4.812779512,39.95171743,5.797119134
325,88.06922047,16.56391249,1574.821955,8.096750363,2.198652274,4.407369489
326,36.95166334,19.12367997,1515.906635,9.50532821,23.14167273,4.966696168
327,24.56943326,16.51336651,1615.85404,0.220661487,3.302886321,8.753723566
328,73.17588057,0.530519551,1060.115729,9.825212723,6.1808332,6.043497811
329,62.69662204,12.90982672,323.6328105,0.861321391,17.58251767,6.333415779
330,49.85565732,1.497139938,1358.757073,8.143867793,20.41840525,4.263548949
331,54.42908408,5.523340797,1259.923881,2.803347526,10.35169633,4.187831148
332,67.53614226,1.660731657,1497.393715,1.321796578,12.65828523,7.585907235
333,28.27637931,12.27401133,381.2679618,4.398556397,3.47868081,6.690473321
334,89.70671328,13.88850331,430.2016398,6.439565794,12.12879135,6.543529921
335,87.98345297,2.732508942,1786.298559,3.80951845,38.66233758,5.215622652
336,62.02605491,7.984858219,1512.456707,0.545654083,37.78829527,7.723753658
337,25.96339607,9.396611925,1821.045553,5.994611397,13.39513161,4.841182896
338,64.41825939,7.696533924,1529.494876,9.024032761,22.83415745,4.949673718
339,15.77587272,2.859987509,1214.452847,3.832153659,36.38381564,6.303560857
340,12.45220018,8.669481909,1325.558837,2.163327776,0.247352906,5.431399311
341,30.61463108,15.14797193,1783.799452,4.425773459,32.42734281,5.237314906
342,47.00983654,1.884649458,1178.673171,0.48362711,37.93478211,7.226188223
343,79.46180043,2.063510275,1283.163082,8.204875845,3.653029373,7.254858726
344,68.17352558,7.418040191,355.1295962,8.26340811,6.457907441,8.122585349
345,69.4165217,18.86365138,974.1463792,5.880004634,38.42985211,6.088542835
346,44.03946676,13.53716661,1446.974368,3.531028889,21.50160575,4.365425455
347,37.6747994,13.73406416,578.3382617,7.997833644,0.567865379,5.368331925
348,39.68310104,7.557439821,444.395652,5.546870248,10.30527995,8.900027316
349,89.0119651,12.07638543,661.962276,8.259323086,17.99774697,6.981292876
350,13.20873531,0.697558089,520.9262246,6.314587926,27.71635644,7.548685424
351,79.36251969,12.9038729,469.0796422,7.844054732,29.32641513,4.036789148
352,56.29403269,18.30909548,878.4591436,5.985629932,39.81686052,6.591028661
353,45.08923354,12.44518263,1820.285102,4.141410682,11.50044798,4.187643288
354,68.02061283,17.53712257,1038.766311,9.579458599,21.52880407,6.84615106
355,48.93351531,14.61747458,416.4447426,5.411138249,21.33294191,8.603854248
356,79.87385905,2.85088912,200.0947553,6.050895185,16.22581038,8.842095653
357,82.05614912,18.09783949,1407.504483,2.204876394,6.766475754,6.702763377
358,43.73767415,1.795654965,796.4575907,6.256507894,39.09826253,6.291024026
359,32.14622378,10.91236571,1652.570346,5.716076495,34.13268747,8.725085471
360,57.38802629,3.271673914,1336.045999,1.848383979,19.93332113,7.36804916
361,82.98906765,0.728278909,1602.670829,0.595870974,24.12981691,4.324496398
362,26.85297512,8.729668072,580.2947769,6.043593197,9.090442142,6.328627888
363,59.83732669,6.253293799,1400.099899,7.636922694,21.75148282,5.201225092
364,60.52481761,9.977009629,564.9208702,5.234013709,27.79880532,6.349021607
365,68.64904179,11.75539779,1881.183535,2.267726253,20.60668114,6.27732786
366,20.52541481,1.35291191,1290.929849,6.665219767,39.61140682,6.910724014
367,67.26599717,2.898564255,682.7980103,0.801057266,24.45366625,5.783852452
368,82.72260165,11.39352673,575.5481315,4.418337048,14.8389485,4.821352247
369,24.37464871,7.191763387,422.3068409,1.633667584,30.8860811,6.518597173
370,29.00346599,14.71888301,1404.54987,1.844590511,6.818500463,8.151014422
371,87.71160752,13.21968715,476.4954453,2.022939492,15.38063255,7.32006114
372,24.47815622,16.98928508,1210.841369,3.86707057,13.87835802,5.69183933
373,78.35080747,14.00361012,566.0383025,0.511502056,17.2722838,8.677615114
374,49.38222852,8.883656009,1340.839442,3.977934409,31.27119304,8.561037856
375,29.77848595,13.62284914,1639.132471,5.117074471,19.36692129,5.046741997
376,79.6599921,5.869932898,1567.149224,4.83294285,31.76057801,4.197087926
377,45.6244204,6.473113226,1533.660095,3.827841004,23.05955613,7.706543542
378,51.18538831,15.88521062,416.0586911,8.391466081,13.68277739,8.138051307
379,38.73866955,9.20518057,222.3506466,1.453266924,32.39914975,8.83932283
380,57.43606811,16.06841664,1412.950216,5.056967438,9.531586822,8.44918197
381,23.08190981,16.53723629,768.2770669,0.62041417,8.975319192,7.002673841
382,41.28652293,17.22246558,893.0751415,0.711556789,20.18011696,6.650261696
383,87.55298579,18.3743871,110.7407309,5.738658497,10.43396984,4.139205256
384,30.65067462,8.9042118,556.1740761,5.660184249,0.363481398,5.233282234
385,62.53893316,6.717902957,115.6689876,8.780335128,25.93190109,6.298073759
386,36.01520514,11.85287556,1764.412257,5.578736757,20.44375286,7.1425195
387,71.87785005,7.737862257,524.6235323,9.597910204,17.82071258,6.786259167
388,20.46989286,12.22094625,1136.807481,0.486948484,38.67874058,7.713179948
389,87.58568361,14.25892432,126.0096753,0.980076848,22.84796736,5.398834654
390,46.30316331,13.92389786,1350.352413,0.440658616,34.53726311,6.824763038
391,28.88403707,7.803781297,679.9033242,1.852768503,5.578009448,4.440711217
392,15.87973979,3.753773933,1800.942415,5.412701109,22.76825853,6.068327618
393,23.58063241,8.8953221,1781.830468,6.455721814,34.71918507,7.750804165
394,51.58191588,3.28058581,684.3167058,0.455851579,23.32423029,7.467004267
395,36.96025411,17.85689219,1806.873747,9.459708898,28.72056713,8.953213686
396,76.31066927,7.244610484,1992.507463,8.421653767,14.88174271,5.38945563
397,44.47100189,3.511965071,1659.560545,2.966124822,3.697980681,6.490946496
398,29.89714181,0.996231318,1697.499128,0.771875302,18.31601181,5.647652069
399,59.37159893,13.09353653,535.5670354,1.698870732,15.77917563,6.20301557
400,66.54217735,12.91959519,1174.569678,1.269444138,34.6824073,8.284750649
401,23.36335263,7.141781248,181.1490322,1.232837793,9.759812094,7.421045376
402,23.4095373,1.898381833,235.0899768,5.185616887,38.6693691,8.412205957
403,12.93371415,8.48776345,1997.840593,2.458474425,38.32552479,5.017555542
404,68.91216121,6.568741154,686.9465364,3.581397165,9.905265723,8.366805589
405,63.10436221,13.70385247,1508.958628,9.895053334,13.92207822,4.298811371
406,47.97047006,12.31269536,1622.996853,6.843142489,35.82222963,8.442996402
407,77.53363592,7.6095777,1723.145378,9.48980667,38.66488884,5.645368897
408,74.45361224,4.748904808,1995.37518,1.42556555,17.73756411,5.572938167
409,56.82834915,19.76670134,520.9181463,3.821394748,12.83988183,6.560442883
410,79.46170244,9.353031613,128.6841124,5.547318033,21.04376053,8.703450939
411,26.4672968,13.9213476,851.8234601,0.767580619,27.51076825,4.238906823
412,18.95356955,3.240782868,303.6573062,0.041874436,10.93898061,5.761154875
413,31.57996892,9.968999143,93.73048387,6.704343338,29.45892698,8.282859943
414,14.56694849,1.036966037,752.8323129,6.418195168,2.066294285,5.980272387
415,52.49356224,10.3563748,1578.28959,4.1078881,1.971779711,4.995784488
416,84.92845538,19.29833944,1154.052348,4.89644076,15.45150821,6.123970907
417,13.14748325,7.992030903,659.917079,4.154430006,14.13892768,5.927762507
418,19.76879312,1.260422245,1325.966911,0.240050448,12.62532861,8.577081007
419,46.17592226,1.103637923,502.4354516,3.353716062,19.64079051,7.809671879
420,84.7100014,8.065741819,78.04381984,1.770822554,12.82934329,6.525577779
421,35.2924884,3.620486261,1540.489104,0.984241891,7.690316739,8.941852834
422,50.5787847,0.955365878,1266.299015,9.567204339,12.37878196,6.326387656
423,13.32582872,15.24616547,1536.490118,5.99359725,38.99617091,4.291189154
424,21.86745608,9.441198673,125.9291325,7.286562842,16.44453668,5.311371609
425,88.93040984,6.140273053,1682.383274,3.153637433,17.78851107,6.180352401
426,87.20949571,18.05162207,1258.07609,3.931471295,23.0617996,4.784513121
427,10.39519847,2.764709724,1148.620934,2.369239939,39.33363074,8.737825632
428,86.14494283,19.14041716,1267.997394,0.96965671,9.664051057,7.834244489
429,61.12959503,6.622350989,1735.644831,1.790316374,27.25128442,5.341436002
430,79.43346356,17.82387161,1194.526188,7.975140453,28.63938774,6.954022668
431,46.37918845,12.25738609,1182.853241,6.775458052,24.29297667,7.607245786
432,51.24768229,16.62079351,1981.824356,5.46928876,3.543133585,8.706394645
433,49.10772642,19.68825668,1525.623826,4.750898729,27.07489103,8.408176746
434,63.3491406,6.123906037,912.4729206,9.224342837,2.563788441,6.575961131
435,21.17210038,19.24214197,1429.42415,0.727349478,23.84570598,7.873263099
436,12.39788719,8.094896951,808.9994198,2.806008132,29.58324709,6.810723769
437,34.63439533,8.017482142,496.3071518,3.499378536,8.438795625,6.76351945
438,66.37446102,7.137548533,1213.86116,7.824258122,33.6648803,4.573709792
439,26.14827617,11.05744834,1859.955091,9.925146202,1.214152221,4.63068829
440,63.87459467,3.505828342,1861.822064,2.406705148,33.75251455,6.647668075
441,87.59296369,11.29737396,716.7152923,8.743073341,18.41316203,5.344307725
442,17.51205726,11.06324384,1078.971059,8.306227604,8.703517597,4.105184512
443,63.80816946,15.35708535,462.6900022,2.246573976,5.3511258,7.61419602
444,45.50001754,16.75617426,1991.480664,3.993325802,38.1322867,4.162432983
445,79.45138035,9.088606331,1963.17992,4.096728693,2.906623503,6.976384206
446,24.17198316,6.395498362,1316.542413,9.782206685,7.963736797,6.695968971
447,65.41007618,5.557030498,1618.607416,1.808919014,13.9128939,8.844073453
448,77.04922317,4.295164816,1444.445315,7.991579711,24.80939396,6.421065697
449,85.56913756,1.624127853,1206.658527,3.341927142,21.79204341,4.318007182
450,64.65984226,7.177735587,154.0285941,7.308703458,5.025739696,6.758439839
451,49.77398112,5.769829997,936.790468,4.200110043,11.58911935,8.205480853
452,59.42777922,19.34513902,1365.833289,5.783597631,9.550070843,8.984246421
453,79.51239876,11.37532211,1371.186647,8.326117733,8.54171418,6.151715868
454,55.64877973,7.271902261,777.5891059,8.04165565,16.44577346,5.601493712
455,12.43096478,11.81911822,1886.299374,8.664231835,28.1612581,8.533266485
456,84.47589564,3.214335676,376.3462129,0.596173253,8.698117289,4.956210645
457,65.16214008,9.158853109,1025.70092,6.92050553,14.66715519,7.077144575
458,64.12107086,12.71156927,1397.223754,1.399873767,15.63669707,6.028572121
459,27.25401219,10.03350772,1409.414821,4.15818568,39.05826118,4.205411825
460,62.71083762,8.334686613,1314.845966,5.485884151,38.18665428,5.736442372
461,41.50915245,19.88004358,586.8120162,4.027394847,32.00550331,5.326142613
462,62.09863816,17.66613786,354.6028089,5.196116758,9.666356833,7.43045577
463,18.52744242,12.65641618,1290.083637,9.965263088,2.721492564,8.743952488
464,62.62762437,11.60285854,1218.639126,1.352173137,12.67616551,5.340235937
465,89.95309806,12.60287936,399.7442201,6.754560453,10.67178198,8.057329696
466,13.85696311,4.425586103,1425.021334,3.960009664,20.23703201,4.276799085
467,88.17393474,8.205185994,937.5853839,1.330097989,31.1091164,6.69060505
468,42.55263686,1.269460891,1352.133154,1.587367634,34.33291756,4.352750319
469,79.66027603,9.773147731,1682.865806,9.492731062,33.79456342,8.670164956
470,72.59083872,11.08897939,380.9704357,8.796014967,14.38702245,7.831756403
471,55.36130088,4.941119854,87.33249259,9.070419604,27.48937374,7.289749556
472,69.07593674,19.29856252,1569.250043,9.915327758,12.5133679,8.119481908
473,80.2812449,18.23436491,1238.909979,2.0831539,2.436221729,7.237598978
474,42.33122573,14.58179309,1414.297161,3.554393374,28.06261062,8.844721986
475,36.16265293,10.90103926,1684.402201,6.692190299,0.393102103,7.569789739
476,63.40747085,17.46439861,1615.481323,4.838025399,16.3673035,8.623293048
477,74.62767536,3.047720705,1923.794287,4.183895334,13.17517077,6.58565946
478,70.98281078,15.91494099,1095.073404,3.578112493,27.73510154,4.585322065
479,73.82509191,2.934005872,1002.566484,5.937806319,30.64981891,6.640888607
480,44.84666519,15.98710792,833.6800398,5.755934286,12.16378544,4.63436414
481,75.42673729,5.877467581,349.6975335,1.614578341,32.46508058,6.962467396
482,19.61672443,17.60326633,1166.584104,4.717398375,11.75667042,6.412465303
483,53.55912784,18.90882083,590.1744224,5.534717762,17.8530544,7.112876989
484,10.46069284,3.401521403,1846.549649,5.702869387,29.08074108,4.050234905
485,35.96686639,9.522174299,1187.222068,2.101071929,27.71680917,4.974202458
486,39.31692279,19.62925387,1206.038352,7.422713923,39.49473889,6.45665216
487,41.69381533,9.926445001,742.1030887,0.251990948,9.006440969,8.752517808
488,65.63737654,17.33917669,151.3792364,3.548318555,26.49271654,5.918045202
489,41.0846481,11.98026468,111.9003425,7.802126485,24.38727633,6.12186013
490,45.89548981,7.818933204,875.5035311,5.638929211,36.60393818,7.573480445
491,29.00353047,6.072779333,214.9024873,2.611624325,6.254485666,7.018963786
492,39.86014333,4.462850276,1233.351563,6.949531193,30.07192654,5.49463075
493,28.18157018,15.35506473,1767.897361,5.673909442,22.73074465,6.054081978
494,15.8556739,8.037539883,1771.683892,7.962436095,10.98663479,5.088498994
495,58.27588747,10.46987151,1335.13855,7.350251862,18.97739657,8.830107296
496,63.45702388,10.10034686,461.9020714,6.10107922,13.35106388,4.653171908
497,59.55922768,11.75694107,1732.843821,4.881776753,23.17253611,5.859183923
498,47.0795235,17.37875434,1777.882199,1.331821257,35.56002443,4.129194861
499,40.38286241,19.6244172,433.4744907,2.613330179,22.77219938,5.10889746
500,79.06669197,8.447892067,1487.980867,4.190994729,25.26889673,7.902355692
501,51.52654281,16.63661898,608.7131204,5.99299287,20.74991388,5.005876161
502,48.33455021,15.408292,1615.148609,5.137078552,2.046620258,4.400317013
503,12.05136526,11.68381455,1994.613905,2.88184526,9.314342275,6.372265899
504,37.29982621,19.1429193,108.5507104,0.064643578,19.68006918,4.049846174
505,40.4156495,4.409253053,1799.863438,4.962392219,12.40941135,4.423830772
506,41.90582247,2.630652101,1264.129541,2.856259886,7.27054391,8.038129348
507,56.41378954,17.15225836,1948.096107,7.346083007,20.16531368,7.857366724
508,52.68820374,9.063421424,956.7685592,0.239462653,12.91239174,8.575694102
509,58.63240742,17.01589266,1702.406465,5.848278113,10.32430573,8.27257718
510,71.19066092,17.915259,171.6684338,9.414742375,18.5594167,7.415877816
511,75.0388591,1.717923076,703.7941477,1.744092671,5.331370323,4.261664287
512,67.4498461,17.72756288,180.6822486,4.716494908,37.10982932,7.91424309
513,86.44189568,9.24222158,1951.91911,0.914219918,34.70808392,8.227554054
514,11.45860661,10.45343354,1643.099119,6.256819123,28.30482343,7.995410729
515,25.66223885,12.71855397,1712.467471,5.505316806,4.248553104,6.542395177
516,10.60503,18.56446083,1879.032201,4.073655242,31.03509018,5.164509193
517,61.79797713,0.872763841,215.9517979,5.213770215,32.31829312,8.226649878
518,81.84244392,9.798447632,801.9153054,8.965746585,30.71058471,7.635814049
519,29.47858373,13.91057983,188.5180336,1.962943023,4.558635485,8.903805872
520,84.16276358,14.59278568,461.046548,0.225645117,25.75631828,4.778462989
521,14.82139122,14.00438241,497.2632652,8.616648847,33.37299183,5.128322915
522,84.75488214,3.121485023,964.7590615,5.771170824,23.09413605,5.058990749
523,38.12981498,6.338213973,573.6962265,8.906584555,25.85629501,7.962698838
524,18.11366628,7.494952746,246.9073083,5.969452234,18.33453918,4.934536482
525,48.86974073,16.18652555,376.6076237,8.1016109,21.1482928,4.333299149
526,30.54212542,5.935817512,337.1873489,4.296733634,1.375074334,8.992804033
527,32.78983216,4.608746795,1947.499756,7.498599313,25.55852088,4.124086057
528,34.58319719,19.17023637,1530.620388,9.130414669,3.257888516,8.176220301
529,74.24207183,0.67283406,1937.134857,5.721229637,17.40058377,5.826834208
530,53.13290213,19.95750669,907.4939487,1.807851506,11.70620391,8.208077299
531,34.90461593,13.69801533,592.8185392,2.68797615,21.81711801,6.773102456
532,58.82670266,16.65515134,1606.671735,1.986445769,5.336653421,8.508156147
533,67.29205394,6.245078229,686.1951402,2.468570276,27.66573608,8.630964932
534,31.80992006,0.779147915,633.7975787,3.064154494,31.80046148,4.045490906
535,43.08392812,14.88845561,503.3866848,5.551337868,6.53417799,4.37706088
536,19.75088747,16.76581964,302.8740075,5.879916295,4.172523494,5.251793648
537,24.49194796,14.93928457,550.102969,4.264997472,5.820619311,7.346577082
538,64.48942832,3.285580602,742.8735095,6.154207798,35.08510248,8.441360983
539,24.51506782,15.19184448,1364.288706,0.815749256,21.12757047,6.299709756
540,52.01307069,15.49399425,172.0014423,0.877882371,18.69043984,7.034865581
541,66.72370094,13.34154006,460.4885323,1.718294604,4.268472764,4.942499264
542,18.55015385,15.43926069,1627.596099,5.18077498,25.98224027,8.024834169
543,55.38497757,16.99546807,336.497751,2.139946787,34.71998368,8.836640557
544,30.5250227,12.46528023,718.1580357,2.832844035,33.12743477,5.342994665
545,87.03415002,2.227791922,1736.084898,4.003128362,25.04218836,6.474129758
546,48.68365174,10.00874229,352.1043567,8.11866124,3.011148666,4.430580553
547,74.47940398,2.014162026,211.3368295,0.138621359,4.495881087,6.795683282
548,54.01812337,8.447089105,994.8490904,6.493788202,1.972359484,6.513917209
549,13.47300263,8.438576538,639.718047,6.68876531,10.29916866,4.722182421
550,60.65211005,1.787191961,1148.646311,7.986557804,5.426458686,6.210331066
551,86.11226738,7.302000412,1617.419536,9.327529391,10.40192161,5.67052326
552,58.12894561,2.664462926,317.4395519,0.201378489,15.40232223,6.609154377
553,75.53510875,16.2605866,1182.363215,1.537837055,37.71931136,6.928271677
554,80.73651707,18.97991651,1035.742083,8.861712941,24.41504239,4.042477893
555,28.24638176,1.910171268,330.9536327,4.585185622,33.39895143,7.805029915
556,26.96358719,19.12474654,1266.797047,5.645906389,28.41406003,7.565071459
557,58.87847911,10.69024369,583.5988148,6.630272037,4.500125221,5.831431931
558,42.88227758,6.34153072,1001.276921,6.790666045,29.43681625,4.264679678
559,77.18890423,1.998810468,210.4310323,9.317404033,11.00395526,7.774662699
560,82.00184987,10.26217323,946.1889116,9.969494174,25.56431388,8.775875802
561,38.27371034,15.99305312,647.6037627,7.201574609,13.63847895,5.20075798
562,28.94964472,14.28818631,1653.643362,2.872212092,39.90689053,5.617623069
563,72.44204122,1.479407224,161.1085176,8.797524023,10.54205918,4.919064447
564,31.98448284,1.92158579,866.2841861,0.492209145,11.16521883,6.884680617
565,75.80914548,8.356029011,943.9412771,2.310808529,37.22689022,4.774206973
566,43.89906029,6.258164634,1463.761849,8.973857175,0.985776185,5.780969717
567,63.40399194,5.0314943,1169.860771,2.561915144,27.86755951,7.48506507
568,17.64282511,5.979587729,1351.064058,2.206510596,29.01305563,6.800579915
569,59.90874597,16.16791349,1565.246107,1.381252931,33.4551431,5.932312822
570,46.1414143,18.61994705,1731.295799,8.591117576,38.97757243,6.101248009
571,56.92867705,8.399502543,662.0572186,5.000582592,39.02407677,6.810554413
572,23.44113662,18.16916454,1099.144275,6.748932031,2.611070303,4.029323639
573,68.9498996,6.769166174,1688.210753,2.390663841,32.87357291,4.392549342
574,79.0237662,9.790521234,1979.429705,7.58040421,25.85239735,8.406290339
575,27.33918401,4.907565457,1784.562657,7.60005545,25.89368537,4.389394945
576,17.65716444,12.98928282,774.3611621,3.125980249,5.133997065,7.534017981
577,11.89108688,19.59013175,430.5747086,4.10682633,26.00748666,8.600190821
578,61.35772004,12.26811537,1004.315448,2.096902774,39.29930322,5.353418022
579,58.56752289,7.47737464,1496.200831,9.765610233,36.47274278,5.852457185
580,53.73579302,13.1324402,1010.509688,6.456025771,17.56522643,6.844607029
581,28.55576769,2.89695323,992.2026835,9.345438807,1.597918931,8.408544848
582,41.27247967,17.82885207,1684.549321,3.033855436,14.4917396,8.709527936
583,57.55810681,10.31013704,754.7373692,7.81890913,33.05561246,7.697816241
584,49.74134871,9.26231997,1726.599616,7.658586439,28.05996406,4.433098804
585,89.02284162,11.92436337,843.2693619,6.916556519,18.37374622,7.345770778
586,20.9151802,12.68328532,690.0545561,9.656389753,2.204061406,6.051518609
587,65.61156432,1.899628221,935.2803268,3.935553361,17.07578911,6.353504997
588,42.34550145,13.81103581,1536.771569,1.307173236,18.76099759,4.245741952
589,44.25596919,5.217667766,295.7039543,6.717088592,37.14222132,4.955310697
590,67.40782125,14.42207633,433.017471,7.293098005,25.64344414,7.952568038
591,65.39489211,16.53942849,1905.31741,5.750605735,12.46611667,6.269794165
592,89.3004795,16.1771909,392.2086734,2.068178931,21.01273058,5.508311208
593,20.27154316,11.27376886,1157.06827,5.044559417,2.642212313,5.92009537
594,18.32877195,10.6433129,1179.66321,3.121897366,38.90272943,8.271997567
595,67.94710537,3.286081246,1004.767701,4.274665282,14.40239608,7.744995087
596,56.27095336,15.61924993,1307.253235,6.452185758,19.1146942,5.361576986
597,31.93285332,5.792482919,498.1621153,7.452147427,14.21135897,4.587509201
598,16.35354952,10.18556074,1127.691422,2.322246909,27.3004692,5.259991108
599,16.85265997,6.043344812,775.7378477,4.053253606,26.48928633,8.603782255
600,81.53526997,3.109653078,1340.251156,2.69161571,28.61289242,6.907944189
601,25.34938598,12.77637509,325.3859096,1.986316139,10.72572918,6.667401044
602,35.86972497,1.559474679,1163.210963,7.8338722,12.62673925,6.981967998
603,28.13251218,15.09858207,411.277193,9.092526944,5.010049244,5.830141329
604,38.39970447,6.692942508,593.3539731,3.702321857,26.22039887,8.035535102
605,15.55390742,0.502626514,476.4841106,7.512789244,1.591885093,6.616431247
606,51.52478327,10.46701822,406.5336707,8.969952894,23.90729342,4.583739514
607,15.40900509,1.413612216,1660.136356,8.461242105,34.78783539,4.645325624
608,74.02852063,5.885306378,607.1297569,1.828133885,35.63328593,6.684295733
609,28.69696655,14.28604151,1857.891375,9.562918815,17.96151041,8.68285109
610,53.20095317,1.722447622,1941.356724,3.766764404,18.37214753,5.541760608
611,80.406327,16.8671006,1163.957916,3.392406612,3.07876732,8.347705844
612,62.07018952,0.574488492,328.8521892,0.624313273,26.83060102,7.820477933
613,52.63662292,5.313065449,780.3690746,4.861736541,32.85037681,5.239062215
614,35.94670025,14.94762909,1605.577914,1.090136156,9.786202184,4.181703742
615,36.64015304,6.66726792,766.411921,2.485398209,16.85203527,4.509236326
616,63.55895642,2.486901567,219.6835757,3.169426218,33.55357347,7.642469669
617,89.5311489,7.524561417,1135.730576,8.088263235,35.08481871,4.99834869
618,62.94713519,5.772669084,1697.98566,8.754886504,9.727199211,5.856354603
619,54.62267339,16.93288209,1602.056455,3.024663175,22.02282538,6.50849583
620,68.45204082,6.610284393,391.4901233,8.586981212,7.699726025,7.627340842
621,47.21644898,15.8841832,1361.890998,8.572309374,4.075150566,4.566156116
622,14.81138741,17.89150682,479.9833137,7.646509504,36.44482006,6.031832026
623,54.98374527,8.959439682,475.5046924,1.46695114,32.82030017,6.425364546
624,86.61002276,18.24389131,1754.439958,6.903228469,30.40139607,6.70413532
625,24.02423539,7.857702052,536.8544578,9.450240646,1.950652753,8.091803207
626,65.20039127,19.29952912,563.3323257,6.825404788,33.74915171,4.858390975
627,26.07469509,2.241145728,51.27411198,3.316168491,17.52176304,8.039157259
628,52.86621476,13.8968757,1747.804617,5.005793174,13.69580493,7.464392138
629,17.73411597,10.12937379,1595.559886,6.457250434,21.85905444,6.779354071
630,46.0296749,8.059151706,1273.291423,5.105704087,3.654129709,7.497639352
631,70.49306631,12.83788164,1513.01824,1.199529417,30.26586197,6.060088695
632,37.80572194,14.22521329,346.4947065,3.120640447,23.29740308,4.69198793
633,63.19293796,0.585083758,943.7310094,8.023960306,7.463603875,7.328826201
634,73.63599686,3.755585231,734.8778053,8.614180461,7.529287991,6.623361533
635,84.17422556,14.40439799,232.8642262,1.373000327,7.369946063,7.196874003
636,28.77136655,13.49451556,997.9544462,9.523867524,2.280095502,5.689993905
637,41.94527326,19.33792635,1845.442318,3.288226178,23.51193797,8.534332887
638,22.19328107,15.34023691,128.1152821,6.623137387,33.6139271,6.936849343
639,89.39868017,19.0400678,618.3487813,7.51825146,0.699928559,4.427012421
640,84.16007743,14.19953978,454.7048256,8.119462346,1.960185799,6.249019954
641,53.19657042,6.312018068,514.3859746,9.457497022,22.91081107,7.781780274
642,77.36266355,2.554615984,1821.447376,3.12919548,32.77982742,7.970672809
643,51.67663818,15.74556534,962.7346558,8.585064546,13.06955562,6.472985264
644,59.88685504,13.06090982,959.2838552,1.316869034,13.98457595,8.473737854
645,17.12995457,1.439627242,1533.122503,7.050409064,23.8538599,5.338342186
646,70.42163364,7.520984085,351.2597978,7.419777295,10.96851556,6.052993486
647,20.21707869,19.1575964,1000.16744,6.777232412,1.064334643,8.492984553
648,76.08541042,10.25782234,888.4711675,2.523147361,29.40914072,8.481283582
649,72.56224701,8.938218152,1213.975847,8.73043147,25.02599652,7.428563844
650,66.69957582,9.425142301,1999.137521,1.688584634,23.23023996,8.294902736
651,12.89283044,4.573213118,1550.425343,0.536347915,29.66736516,4.443866335
652,34.25026848,7.689789832,825.8381209,7.174649906,27.0092335,8.324974881
653,31.04900559,7.711358492,1663.728452,4.754757152,8.235279527,5.603099533
654,38.8109126,1.520922894,382.8813085,8.4909802,14.09924188,4.891657562
655,17.01141974,15.46756876,109.4041883,3.833971411,5.044405667,5.196849182
656,84.95662584,8.621836422,448.6743263,1.682785885,5.194280537,6.08984254
657,54.30417926,16.53250779,713.8025344,8.364421925,27.04782985,5.255960023
658,34.44194485,17.08178602,1045.632477,5.489096316,34.34400428,5.60283793
659,41.75852137,4.633884067,1249.501824,1.891957924,38.50930335,4.67489243
660,45.77620324,13.3183929,1825.681149,7.203839986,25.1338847,5.480883828
661,58.04754667,9.709495181,1044.215319,5.111136385,7.364052934,6.861419073
662,51.25435422,17.66305639,1027.487507,6.043129822,4.226013818,6.20926854
663,83.55135786,4.706943244,147.9738692,4.608983382,32.51403886,5.733593806
664,49.75707863,13.71735741,118.0775277,8.287089838,23.15025905,7.732260644
665,89.37264119,12.35116638,1124.761926,8.295627157,24.73140084,8.467549857
666,78.11399662,6.258378813,904.4482958,7.093888218,31.25848355,7.783946115
667,26.68084115,3.163717621,1686.40177,1.054013774,28.13108911,5.660003511
668,84.44761717,13.20697533,363.3251902,8.388538619,33.37833011,7.722210839
669,19.30931183,14.90265043,98.69474113,6.710129805,2.248556218,4.759900912
670,75.39597668,6.654733203,925.6255975,6.97024166,29.90082547,4.65158994
671,40.44986348,13.07423578,513.0831857,3.629828404,34.03411029,5.728135185
672,80.23794564,8.205052698,146.748028,8.792795562,11.4454017,8.038511845
673,79.44453521,14.40753422,1462.966659,7.253716002,25.61789096,5.231741236
674,74.47403201,4.38469786,267.6063499,1.125904665,12.56648255,4.316267044
675,73.2024349,17.85919255,1236.223025,4.077780344,38.31884266,4.658547676
676,34.37433113,6.104487131,598.0470128,8.86380362,1.336942897,8.293724843
677,16.47354264,7.671826761,388.3172982,0.471967017,23.19171375,7.168916424
678,42.2384143,1.632793066,790.5154697,9.614166196,6.660141882,5.266005817
679,23.8819612,2.67448814,1612.819264,6.791625683,28.48880821,6.776479127
680,65.59608711,10.5593071,814.582475,6.313759776,7.035611337,6.637898112
681,37.68797812,5.718057196,1514.000816,2.705592565,9.415330476,7.277179892
682,88.04881607,16.7918644,294.6982788,2.487917887,19.77483244,5.165937772
683,61.27776619,0.786521079,1556.904268,9.420582195,36.593398,8.322014936
684,75.79844509,7.892333949,512.0199836,2.982724542,8.468574886,5.54684281
685,20.60197382,7.078238162,1370.916603,7.755052967,5.769600845,7.47065827
686,78.96115858,0.876888803,1153.274032,3.931217982,30.35907327,4.080623232
687,83.82057524,2.925183781,1861.832199,1.392540708,20.02478129,5.863285649
688,48.96495351,8.566032161,805.2789101,0.107152977,36.4714045,5.75854909
689,58.50023502,10.1108594,179.0221182,5.44257337,5.864582286,6.717422143
690,71.18478407,8.383650071,87.35319682,9.757788185,25.83711572,4.363681309
691,23.98709018,10.85328473,1662.374194,3.691361938,9.315165846,7.950656869
692,50.20528612,12.10506766,1073.234493,3.57192334,6.270417146,5.088904009
693,41.89304222,0.693514512,1561.725901,3.440916178,27.33717661,7.385189074
694,21.70991937,9.549855609,507.12992,5.205438373,23.7473848,8.016060616
695,39.40275378,19.2882352,722.9133038,4.406648834,30.19309833,6.809384781
696,15.45378475,10.62112946,108.7025508,8.799146267,12.37850306,7.704416034
697,12.06495256,13.71207422,1924.910033,5.055207917,17.91886626,7.309301561
698,20.81330313,6.581345229,1352.342418,5.077578382,16.21886705,5.777648986
699,87.04920893,15.59283187,1869.749921,1.383715947,39.36357856,8.044292695
700,53.96236287,15.5719689,567.7179945,9.827395409,11.68995827,5.473506849
701,87.26577289,10.66527293,1242.354042,2.499728909,11.79268953,6.856064589
702,44.59983027,19.53226955,1373.074938,0.733640675,14.18192835,7.726988696
703,34.94529065,2.948229188,669.2219155,6.63146249,22.58376325,5.894779549
704,50.49134903,0.830479465,1703.813008,5.953663702,10.09290977,5.513838038
705,45.16093509,15.51808513,1896.964853,4.15145654,36.61159762,6.296730051
706,18.45317474,16.23953298,1775.46748,4.221922339,10.62742259,8.089817472
707,61.26610518,2.844040968,1491.180603,7.85063921,35.83262926,8.649608816
708,27.2830546,5.678865243,591.0561255,1.957126401,4.139002546,6.725417064
709,59.56703639,0.842271086,599.1512821,8.202533189,26.2625081,7.307331027
710,62.01608739,6.21951791,1928.552625,6.487471139,36.27942074,8.516368111
711,22.16198825,15.57626654,70.05476707,4.189697738,6.749977536,4.492734257
712,14.90797017,10.60023029,1446.297448,4.580286166,38.7330784,5.160392889
713,72.46092689,7.287864067,1427.180017,2.566472072,18.11533442,7.544500031
714,46.7840339,7.748916251,1264.244605,7.521143327,37.82860434,8.11872231
715,14.65310364,0.526395701,1980.71225,5.128747423,27.07280175,8.285145142
716,89.58930537,6.346110288,658.1648997,3.208545427,12.06347479,6.075535884
717,14.62244488,13.10594546,712.9451344,5.960501158,7.532100997,4.446699511
718,65.60281831,19.49679165,203.9318357,9.957344521,12.14940185,6.188907386
719,88.69431402,17.01768613,913.4563663,4.352622797,3.720696371,5.153672951
720,29.13440834,0.960101811,559.0446262,9.206914008,5.754718654,5.455982275
721,21.37994949,18.02193179,719.6040692,3.450168399,4.186417614,7.861337784
722,19.71079515,15.77236906,1677.414991,0.547327069,16.91774175,4.37763543
723,34.26201181,15.71733441,1874.194801,2.042421064,31.82313505,8.137906087
724,18.08366488,9.430917301,412.1794904,4.186951433,5.655342169,6.138345429
725,65.37290734,8.261103213,776.3924165,2.196349286,5.212817327,6.980319656
726,14.98334385,6.406856712,1860.829596,0.002270382,25.73715798,4.448261156
727,50.75377025,1.78104975,170.5264983,9.150015377,7.887319279,5.686795392
728,89.73574831,4.950589588,230.1030298,8.438794112,3.904401524,4.448504595
729,75.11762156,5.308770882,367.442429,7.422922315,6.673943128,8.807718614
730,59.21755506,9.939502859,1210.665027,1.678145956,36.94925584,8.036308247
731,34.50028966,15.07516593,343.4209285,1.203635762,32.85885011,6.298163772
732,59.9116669,9.739291654,1937.748944,0.676047495,14.16258249,5.118012742
733,52.16331711,1.627966764,921.0933282,7.240291888,26.23283069,8.667275526
734,44.08667071,19.17690112,1027.960023,9.288079607,21.49102695,5.722982979
735,20.45683014,18.88312422,530.9843008,4.305358209,27.08497054,4.804922158
736,80.92833722,15.81119609,968.3724922,1.19140672,27.3068461,6.815821942
737,45.98277191,19.83089408,1340.731584,5.123928207,25.1493606,8.718870602
738,25.56980095,11.11740549,1514.795417,3.488319075,10.64405474,4.019151453
739,39.42074807,19.27398283,1520.042761,3.748249243,1.560256831,5.190624216
740,43.1303802,1.974298292,1176.88767,6.213306242,18.22267128,8.692238202
741,76.20303165,7.630774591,1813.501561,7.187181133,35.63895539,4.855429834
742,68.68915044,4.894934726,1643.945302,1.106035989,22.77989034,4.566217258
743,71.54439149,4.318745141,1526.243824,0.355902308,33.29564167,6.850936079
744,10.88250115,3.245657503,158.4307673,9.943303027,39.66497372,8.309219116
745,43.29231985,12.63706601,63.41202633,2.327283489,6.544648166,6.385549088
746,48.50753213,15.73577619,464.2721905,0.538305249,27.67110557,8.972821283
747,11.53538215,11.77681879,1343.871008,1.898753291,26.97174295,7.395858498
748,30.7850567,3.365772837,851.8351033,0.389578463,39.19821789,4.370374536
749,70.82318585,16.31691351,834.6922056,3.918108946,39.42402936,8.964160658
750,20.96877646,12.90111679,1774.944432,8.024017845,27.46714447,6.039471184
751,52.82481052,8.069231269,1796.347554,3.412444498,9.744591679,5.437012669
752,27.21614976,13.64554076,1822.891765,4.441834069,31.94223353,6.789395918
753,10.96966197,5.568147095,662.0622492,6.755867736,4.281165368,5.521537959
754,29.29611661,7.231248066,1397.558835,5.088940701,31.22797217,4.432287536
755,88.06990039,18.39097394,579.6847035,8.61445686,36.40784497,4.007141715
756,74.12296895,6.164837861,421.6891745,8.66035675,15.31333579,6.247916765
757,86.76613155,9.664771229,410.0332918,0.099106955,25.2254118,8.184317111
758,49.02832351,17.85775218,717.1098607,7.780463065,17.20570928,6.861575928
759,18.77889589,14.30056633,888.4173586,4.607336002,17.5106022,8.996036495
760,53.83675912,1.71296291,1670.350884,9.888405413,12.41483556,5.434233228
761,46.35018676,3.372409363,283.7876323,4.832320759,30.48518482,5.402275324
762,77.54856662,0.65291102,1483.105402,9.868959454,37.44706257,4.798747301
763,17.84660646,12.80297491,1086.337083,7.545693612,37.63003437,4.820317941
764,49.05929096,9.229631796,611.4934182,2.486048846,6.991251395,5.42593298
765,22.00389318,3.118359593,1010.99819,5.383949793,34.98974599,7.964200226
766,35.97407415,19.17971536,634.8870361,9.921356395,29.49725766,8.528783953
767,68.98856619,10.82836462,1212.359813,8.575306078,10.11349603,8.875435849
768,48.08145035,5.216919235,895.9956496,0.973668938,2.691384517,5.16144827
769,40.07106281,10.26176964,370.5907817,7.063719968,10.71989068,8.406487728
770,41.55810229,13.75259649,277.3369954,3.455795859,36.48832947,5.641275446
771,46.75574147,1.98666475,1116.05658,0.069822619,25.327147,4.564202723
772,72.80132351,5.856724393,1809.705415,4.03480969,28.84218644,8.350124628
773,81.36677512,16.23582707,720.7174888,2.347544217,10.28609404,7.180528173
774,86.42677492,9.463464973,1479.350209,8.188692705,28.77552622,4.82365448
775,72.9522709,11.15825427,1334.389642,3.373306088,1.124860251,6.149156288
776,35.23255166,8.939912043,1866.532083,8.27523694,15.01285383,5.436288474
777,65.05077649,1.356048882,1650.912984,0.005979388,25.07013394,7.683972844
778,45.00824992,3.732120706,1154.880255,3.0781915,5.843862622,6.267081153
779,30.37364976,9.188061955,1331.209472,2.411652143,32.92014298,8.946399726
780,77.26972635,4.579116575,1801.85361,2.335673611,9.401251952,4.273724911
781,13.07410792,1.474591059,829.0616299,0.681866198,26.09124451,5.775076331
782,82.14095937,16.95116845,687.2496764,1.871242704,16.2078857,6.409500836
783,46.91819717,19.63325432,71.08161309,5.555495699,23.84174382,6.515667774
784,60.97611814,15.96628604,1661.774595,2.913610728,4.298022105,5.579679112
785,62.74831378,17.14880597,1611.912366,4.173947823,0.676511997,7.646201245
786,81.60941926,5.218554041,253.6863103,3.768668803,36.3825771,8.373735367
787,60.93357457,19.23222602,1174.871893,8.75904925,10.78520035,8.69359651
788,59.11468678,4.340051237,954.7643114,9.05298999,32.78708011,8.025466884
789,15.33216324,19.0528813,281.4827362,4.929569717,39.97401202,8.252900987
790,51.47264176,19.89897623,1962.108043,3.301559503,8.45725032,6.752726503
791,22.01352007,14.37859471,468.6569806,1.06800704,10.60682965,8.129441132
792,68.9947015,19.63230277,181.1066512,9.534028794,26.51439151,5.517519546
793,50.97775367,11.6060257,1209.95239,0.602269449,38.61794538,5.992393811
794,64.41822234,5.561064772,1490.79002,2.976502776,36.63257393,5.584565069
795,13.33383205,9.02141977,113.2647198,2.980662012,20.1150208,6.336936677
796,16.78336128,12.07443824,1334.499396,3.204012861,31.8044113,5.427898081
797,67.30587105,1.92509046,1087.969158,1.642868433,5.429834124,8.808057211
798,15.76674688,12.63569366,251.3667673,7.831614309,39.09752737,5.56422314
799,15.70053822,19.63296782,386.42156,1.22497862,38.57412936,4.490222691
800,10.96867802,4.207099171,1157.54988,6.349066592,6.549158315,6.63408583
801,86.52011186,15.95560477,627.8973464,1.238460267,11.97692499,4.285495392
802,69.00066876,18.20402648,1879.715671,0.705356376,4.0061999,4.552715832
803,38.26011268,18.90218106,1646.543447,9.094295037,10.86870396,5.096946946
804,33.7228465,19.22264429,1967.956053,1.901287663,32.63823158,6.321751249
805,37.97625838,10.66846296,556.358136,8.212501546,15.13262429,6.166254662
806,71.97228249,19.55750421,1940.961084,5.446308711,3.535878686,7.99845931
807,62.90964889,15.26754904,890.9060461,0.778565196,13.68902099,7.697373269
808,24.81564543,3.652593007,727.6616509,9.554481914,39.25533337,6.13159147
809,23.92874683,9.799552076,148.1815776,2.46961167,25.18734381,5.668521038
810,17.87165198,14.50745792,152.8922528,8.596453454,16.64643786,5.58234392
811,62.82421758,5.323136158,1399.421949,1.688100058,6.66154054,7.869975436
812,71.14981298,12.99199608,942.9615391,8.539428821,39.44707189,4.260362031
813,31.20371427,13.49870934,491.7171708,0.132288129,32.83396037,4.064108248
814,11.67559688,3.672645004,1247.242097,5.117804566,11.2590921,7.97772196
815,16.5737334,11.51916359,543.0733306,7.694425794,2.802747829,6.38573188
816,87.42880279,15.54672476,1176.381921,9.347955175,2.265022295,4.654405693
817,33.6355822,10.22846546,750.4570566,9.092021362,4.81512598,5.177829673
818,71.53785183,0.736010777,1655.926842,8.196248695,23.23074334,8.662519765
819,59.97308551,0.676250147,1650.357513,8.881913497,37.15053685,8.297514878
820,40.55517117,7.462072207,980.8332763,1.992196858,19.86973712,7.548925251
821,26.45498098,18.56078433,734.0972632,2.841842957,33.7178193,6.411126152
822,19.71091345,4.959197202,756.9916033,2.889685249,17.83546479,6.601618131
823,59.20103744,12.87009193,1621.143325,3.77053931,28.34334183,8.876222676
824,71.97070245,4.830479479,689.9499915,3.933206704,29.27490949,8.828852219
825,61.51234028,6.772564798,457.6657787,5.445553247,6.958548236,5.076345229
826,52.42417066,17.03682075,215.1422667,1.598797634,14.44864236,8.055522832
827,13.35609787,14.71279812,960.0515857,6.912466638,25.49208626,4.986213331
828,87.47910221,2.360285908,990.1575929,1.675665393,2.827864327,5.067687389
829,73.89713533,8.859689409,1689.771985,3.103084821,14.46160751,7.380465171
830,33.42576294,1.068810391,481.4154581,5.033451306,21.39197865,6.025005493
831,88.39762635,9.877357859,792.9329837,7.964405615,39.84897972,8.657722036
832,58.15052717,13.41746323,1626.391191,7.394692332,18.9813425,4.445048674
833,56.59381266,2.81080116,1656.066041,6.455343564,32.64227028,6.557628204
834,69.84585435,6.133256309,799.9915982,1.557732606,17.2826914,8.592607652
835,74.94158305,8.257814197,945.2918454,5.470453456,31.8556289,8.520568302
836,62.51828859,18.43085498,641.4074872,0.874465018,23.81659206,4.782646067
837,20.24765971,19.8684728,1868.482013,3.773631768,35.46381766,5.8331885
838,37.06140048,1.37577033,281.3553432,4.135165303,16.43770209,7.095607
839,84.24669123,15.33965451,1870.811375,0.398114394,24.17217679,4.796974424
840,27.96924895,7.748619295,1383.539581,2.739880995,25.20074722,8.84011086
841,39.77336191,8.152934631,1086.565698,9.556494673,16.69531767,8.573746644
842,44.56615064,15.20816698,113.6851685,9.536326078,5.772481747,4.834750895
843,45.15239918,18.40931543,977.4125741,3.523270543,3.742376276,4.605777306
844,59.0351666,19.04310759,845.1088048,0.431001089,0.666862024,4.427042414
845,85.44606702,11.75389043,364.3766834,1.790949393,34.94137057,8.54721832
846,29.25541695,7.463862606,1329.998727,3.922177934,9.45899649,4.968119049
847,19.7201101,15.85720717,1943.744269,9.47779698,8.460269971,6.081424643
848,25.79763919,5.394526974,1146.268182,1.411990635,29.44141602,6.244256828
849,80.95399202,11.49944356,1443.768889,7.635158437,12.80064452,6.995055221
850,61.66486501,7.49228,183.4783825,1.086825394,20.2417877,4.358676719
851,32.87254314,13.30430594,864.4506418,9.812575774,6.500442612,5.133793087
852,75.27575512,5.187778801,276.8990461,3.816164991,38.38982886,8.657451935
853,78.90959971,4.236062442,1244.951879,7.752345389,34.063256,8.542050536
854,77.7211471,18.40566219,1880.040209,3.425910828,34.55158492,7.906453237
855,83.51412269,2.485171818,1340.466578,6.276688772,16.27094994,4.097006228
856,30.17928161,10.3661792,199.7659442,1.920160847,30.49444855,5.635033842
857,70.4033543,4.806629268,741.5990997,1.460210193,5.755046216,7.139793677
858,46.84315978,1.259134285,1123.79359,9.380641396,0.344760104,5.375951059
859,77.35988423,1.202366957,836.2551245,9.176472779,0.798917303,8.547933475
860,68.27925417,3.916824556,1675.60582,8.874689402,23.4640695,7.169447309
861,72.11579572,17.40202191,1638.608459,6.254334502,18.21579621,4.359533587
862,62.49294701,6.008335508,1243.070489,8.082682112,20.72061396,8.545027944
863,24.19430156,19.03395383,778.242993,0.690369369,0.298525617,8.788833291
864,53.60215351,11.84163471,547.9059288,3.347890419,16.90746479,4.388562092
865,88.77357916,9.0139767,256.4549205,3.137031248,28.72272645,6.661801174
866,84.99104532,11.81173228,742.0504828,6.35645322,17.70774808,5.516821411
867,13.45389886,10.57561851,855.6864086,3.559577735,29.28876825,5.964195382
868,23.18518526,15.29613695,1367.854704,1.485067816,9.320758576,4.89825609
869,20.53830188,6.008673286,1333.411657,5.964670754,32.52568018,6.89036051
870,68.0783928,7.384482636,186.7108723,8.143839207,23.53724962,8.789896766
871,75.42282639,17.9348389,820.7556651,3.821234945,8.430523977,6.515363001
872,27.0809093,18.95590201,404.4687911,1.322687151,9.468819034,4.414572907
873,50.46821544,17.90488544,355.7847754,1.966881973,25.12121858,7.100006667
874,77.25624224,8.679235882,1663.239192,2.374833052,33.19758373,5.701114972
875,68.62412358,15.71712731,131.7346726,2.99897593,16.62511128,8.279625948
876,53.37897644,9.788546799,867.406608,6.427950705,10.33201717,6.173390742
877,57.22781524,10.20202712,377.9971287,6.009454845,34.68046428,4.964198045
878,50.66884375,4.491262127,1764.693921,6.960798616,26.77073167,4.955528113
879,33.80387611,12.02704091,1136.229001,3.625019845,17.92341949,7.843820904
880,55.20175943,4.129650006,501.1922409,8.239976519,19.51600781,5.327937992
881,65.11082416,6.965511632,1029.73321,2.040876612,8.170258717,7.836166971
882,79.86583327,17.17308893,1476.398401,4.690407475,25.0721052,5.029436554
883,60.90330832,4.53797828,1918.330117,8.009387215,14.34970042,5.608431844
884,70.88972296,1.887586561,479.8697083,1.801586477,39.82580707,6.327434862
885,22.8057308,1.845648056,1778.054456,1.098631137,19.20734061,8.715979248
886,46.92459795,18.84529815,1871.893023,8.836839677,19.43542425,8.658657124
887,10.74652959,10.38494854,1837.020062,3.429296628,22.6340715,5.034359377
888,29.73430916,8.4835354,1289.057996,6.838701249,36.67024012,5.791095206
889,68.11693721,16.31213233,1278.150276,0.253486043,32.03272399,4.746996942
890,89.34479611,16.79860559,836.2607347,6.900468884,18.04520279,6.549925397
891,17.93424797,6.977725146,1517.17587,3.161013115,28.74797064,6.302912753
892,42.11954527,14.02555212,1086.023336,0.557408536,23.44941995,8.503800812
893,74.0056775,15.53689491,1371.004239,6.098127615,19.69468195,8.650026889
894,26.32285077,13.26568839,885.4929125,2.408038161,7.692630911,5.917836955
895,54.40679594,3.456103959,1476.418105,3.868072421,18.55745054,6.458689715
896,68.64570368,17.57972013,1657.719459,0.805808123,9.832743481,8.481181246
897,59.27883602,11.01234378,335.5507004,1.471632511,36.59368599,8.033539039
898,25.04197877,6.008212314,1674.212945,2.979772355,13.41627254,4.018281557
899,38.43076549,8.791949616,1103.578237,0.897595006,38.09056058,5.600297821
900,72.70334276,1.232636263,1697.098523,9.108262647,21.3222116,6.10887121
901,54.33812113,2.993402624,891.0383274,0.060470432,25.26177515,5.148581418
902,10.41836908,15.42816164,789.1289465,4.838602189,21.71761778,4.997858079
903,70.8792608,0.500226878,1834.368428,1.232474581,5.175224679,4.188922533
904,12.8249084,8.623033655,539.7800717,3.076790895,15.03284876,7.216848625
905,69.65870262,10.68894853,1696.214034,9.260595598,3.965844491,5.312551452
906,26.19844481,1.56537119,993.8401164,1.616945533,24.91816177,4.261735892
907,86.64587841,19.47502418,1052.486113,9.658323197,17.87496781,5.154896553
908,39.4352601,4.909443959,651.5131489,2.05794377,31.11939886,8.009569764
909,36.15452931,6.431875033,1167.432291,7.415661085,8.81881924,8.257445908
910,21.91104403,6.426878989,684.1618327,5.466772649,6.582642337,6.415331226
911,34.44833724,4.993124911,126.5753578,8.844787276,16.25328924,6.080353352
912,80.13206095,0.528739531,580.3972804,5.539932555,37.06341533,8.889268468
913,89.70674701,14.72222348,62.43913464,5.345592192,28.4168726,5.002823298
914,39.46476244,19.35348725,1957.791835,1.954580004,16.75694499,5.076796414
915,45.88885048,4.873722924,1933.207059,1.662293621,20.69088679,5.459335885
916,67.76567506,13.42942024,820.5528301,9.164891511,3.368520447,4.863786591
917,80.89566244,14.96697838,1470.323166,3.278381989,39.38303586,5.896827991
918,57.44354673,17.04429489,724.3218919,3.72082255,26.65629219,8.554171135
919,41.32205585,8.741269342,1358.631656,7.598236584,11.41616274,7.076739203
920,43.00974727,6.40715266,1620.588584,3.388234824,23.43233577,6.059732743
921,65.64945172,6.843255113,1896.174677,9.520624466,4.379294643,8.672053973
922,10.25746109,14.396116,830.4139379,7.37927769,38.63346675,4.242321162
923,59.567147,16.4271996,1577.431067,5.974292426,6.991399515,5.05138089
924,38.43944084,4.041472371,568.5604787,8.808951605,25.92121272,6.829443026
925,73.5357865,7.733349659,1981.147992,0.496059083,9.818178502,7.077763116
926,17.43925119,18.08783384,100.2507176,2.570626922,28.70245531,4.197787533
927,57.05618136,16.23052363,1226.881173,4.650363342,31.07285469,6.01519379
928,48.47783119,19.70473885,1336.036664,2.269785395,26.93678916,7.245769824
929,61.38604207,15.20784106,1391.688836,7.439051873,24.57997841,7.490352732
930,15.18828756,8.16730642,284.7557786,9.192080311,35.69876376,7.190699513
931,56.39870299,12.01743776,1880.133078,4.237701199,3.14506844,5.602816122
932,54.91876704,13.38977796,403.3073941,3.421326001,13.23659063,4.467600618
933,54.85280755,2.029888418,1264.369136,9.615507321,9.931499185,6.135562232
934,58.27901333,11.1176907,484.2183543,4.448524328,39.52055848,4.643772187
935,64.11743498,14.33175616,649.0720132,4.890484004,15.57559119,8.738118293
936,74.39911997,3.762765428,1115.594156,3.516498723,29.30450797,6.37585433
937,31.58565761,15.72231849,863.5271662,9.09548473,27.38900656,5.586295872
938,76.00395281,11.88356922,362.4399219,5.689554833,8.483249499,7.831520356
939,49.86045458,19.06832482,383.3259847,7.621745872,9.559907208,6.489742963
940,16.16466233,1.327234815,865.3823369,8.118067184,11.25138254,5.55017012
941,14.68407434,5.673859682,1526.701808,3.418490419,16.44509113,8.059838712
942,36.7390655,12.23030065,1801.031061,4.336943313,9.373002626,8.335760755
943,72.79175817,6.282918288,214.0489414,8.484717744,0.78605931,7.365040831
944,66.61447478,14.4312712,816.5526197,3.632553517,35.17572227,4.234822112
945,73.08919717,15.30060301,245.4788493,7.939351335,38.62439326,6.831614401
946,51.38152452,2.499061299,82.35533723,9.409923226,13.66281548,7.81647456
947,45.21591984,10.52016205,1340.351431,6.232103731,13.54027518,4.68251506
948,21.79620214,10.42336583,1224.776412,7.416272875,0.283672511,5.143353757
949,36.25542029,7.700975019,367.8872719,8.05097312,27.21002753,8.412475525
950,44.72154929,18.69203482,505.9350245,8.450396489,33.01759583,4.100608609
951,17.08803437,16.63637324,96.23011961,3.950533379,5.864332014,7.763635689
952,27.64895622,14.09558295,1678.147051,0.512634592,6.386653975,6.368866463
953,57.85802353,14.4293694,1950.646662,4.018762712,31.60333,6.233860794
954,68.85304914,9.503464804,314.1460967,6.737562298,24.65162993,4.035482662
955,89.86780091,18.45939316,501.3766668,4.503503858,1.794422305,8.096991155
956,84.64906651,14.04461083,1743.398572,7.489631509,24.90187962,5.799124503
957,61.40521596,14.7151307,1856.604406,3.569824295,12.35670891,6.703828157
958,43.69984426,17.30297262,868.2733965,6.347441411,14.74900622,7.386503432
959,60.89418918,5.844395992,148.7138209,1.864198049,30.78925673,7.513147882
960,72.85212945,16.23788263,126.8140757,7.493694366,32.43740771,8.779900294
961,19.46689527,4.307191758,1169.202239,5.456959688,16.01426507,6.656699766
962,42.79239118,7.234168069,816.1454623,2.040643885,37.88611744,5.998597755
963,77.18418285,7.044403858,105.8722338,2.919111735,16.25850872,8.768518132
964,40.70663615,19.58124663,1187.342165,7.486087086,30.87344141,7.210551175
965,55.7497817,17.20247586,72.03994635,4.826012357,19.35509058,5.490751781
966,57.02154887,14.1728123,1585.375318,2.160314404,35.90129306,4.632321227
967,24.75810025,14.67760685,647.5440043,9.672711904,36.31044975,8.212772507
968,38.97883533,11.46041949,128.5031059,7.151250198,3.496672315,5.810908014
969,36.7609031,18.96826801,1197.286831,9.571348325,37.45973325,7.302348607
970,12.09573668,10.17704568,825.4846081,4.271050454,33.02139366,6.354082097
971,11.93534111,7.920095342,1948.910806,4.751003407,31.65242857,4.994648899
972,76.53576349,3.67918907,1111.187392,8.979552162,8.036453587,7.008433043
973,31.8456648,15.83101022,586.716403,5.250493402,32.20476835,4.303415345
974,51.4463013,14.82165668,1433.405786,7.072789119,34.00530939,6.066712299
975,33.89804589,7.994923251,579.409405,2.521728775,11.56601338,6.733074698
976,85.25433961,0.991271572,1813.274418,4.467264687,38.09040313,6.180234871
977,30.74374071,16.86044789,780.7078425,1.234498658,1.994405856,7.743360876
978,44.37254502,0.722650677,1122.243697,2.059800359,5.99637013,8.139624773
979,79.81842004,14.2221457,148.6175525,0.009434153,21.50324552,7.85621537
980,77.35468534,19.42001364,880.936414,0.392650516,23.03169884,4.194064739
981,24.88811343,9.034395899,1673.108902,9.772838232,25.80600333,4.970643852
982,74.21146478,5.081981397,1621.01517,2.423536951,0.678765173,6.683037546
983,46.65495094,14.2449847,487.4211898,6.633107095,38.41467098,8.674110202
984,48.63750977,16.43399877,490.8541885,8.390996988,1.783523709,8.174783875
985,20.67839779,11.15539116,1643.745359,5.506604592,5.722478109,8.212672542
986,16.4481211,19.35718787,1864.276919,1.531445001,0.560580701,5.516040969
987,68.23514456,1.507540072,235.9537965,7.281164373,22.67433733,6.147239485
988,49.71689219,10.34351417,927.6143469,6.002514101,37.29067536,6.353529737
989,44.94805621,14.50985197,708.035844,7.312505893,26.63788664,4.786857917
990,68.36065829,17.32148919,1747.842488,7.697466229,32.90629874,4.155340651
991,71.24103192,3.995484432,212.8735836,9.754103677,0.531248138,8.734514497
992,22.71265341,16.10006789,461.695588,5.7356328,21.68061194,5.203562928
993,58.81801196,11.27778798,1517.313258,3.416411127,18.3825191,5.199744519
994,20.82832658,8.232796799,150.0230055,6.484645569,19.95871777,4.416895269
995,70.11000688,3.068443057,1010.443992,0.684407092,2.888527413,8.64253876
996,62.5564125,17.3732673,912.1087176,8.973973183,27.37741444,6.898685575
997,86.52916969,3.56682756,702.082299,1.193810113,20.12881659,7.335184286
998,15.51664131,6.540863255,819.4160149,3.278428379,30.60595399,8.557884436
999,14.56437769,6.155887873,1083.384145,8.157453806,19.41162536,5.728100845
1000,32.57496598,17.49257367,364.6663489,5.973123783,5.975265449,7.107536556
